"","V1","V2","V3","V4","V5","V6","V7","V8","V9","V10","V11","V12","V13","V14","V15","V16","V17","V18","V19","V20","V21","V22","V23","V24","V25","V26","V27","V28","V29","V30","V31","V32","V33","V34","V35","V36","V37","V38","V39","V40","V41","V42","V43","V44","V45","V46","V47","V48","V49","V50","V51","V52","V53","V54","V55","V56","V57","V58","V59","V60","V61","V62","V63","V64","V65","V66","V67","V68","V69","V70","V71","V72","V73","V74","V75","V76","V77","V78","V79","V80","V81","V82","V83","V84","V85","V86","V87"
"1",0,1351.91819518192,0,0,1405.59001003105,0,0,3831.78265312351,379.341629310095,725.75721409679,2525.85036345942,2654.0579046074,1613.33391815669,2121.23436339959,1004.46223625972,0,0,0,0,0,0,0,2844.57981689407,261.308784190396,0,0,0,0,0,0,0,0,0,0,0,0,0,0,0,0,0,0,0,0,46.8310634361553,0,0,0,0,898.956037674953,0,0,0,0,1427.99582030285,0,0,0,0,0,0,0,0,0,0,0,593.392646553652,0,0,0,637.970085436751,0,412.701129816454,0,0,0,0,0,0,0,0,0,0,0,306.936128068471,0,0
"2",0,0,0,872.317804321993,0,258.637139828612,0,0,2565.58850508868,3021.99448650938,0,0,2188.37376084897,0,3595.38434959917,0,2307.14356294012,0,2715.9520195709,0,0,0,0,4042.70195847208,0,0,0,0,236.240849280747,0,0,0,0,0,0,0,0,0,189.951951854803,0,0,0,0,162.952872242184,0,0,0,0,0,0,0,2037.16230006319,891.446388767131,0,0,0,0,0,446.018505866167,0,29.9608033965534,0,0,0,0,0,2028.4708018315,847.873403886455,0,59.6797414829711,0,0,1777.23604279272,0,0,0,0,0,0,0,0,0,0,0,0,85.7198913557118,0
"3",0,0,0,1703.05955945293,465.359541661879,0,0,397.431337391187,0,0,0,0,2276.53287191014,0,0,0,0,0,0,0,1232.96984713996,0,0,0,0,0,0,0,0,0,0,0,0,0,195.219813979171,0,0,0,0,58.8218694208169,0,0,0,0,0,0,0,0,1591.43468062162,0,0,0,0,752.882690378767,0,0,0,0,0,0,0,0,501.014948382154,0,0,0,0,0,0,331.457613644001,0,0,1282.18347213247,0,0,0,0,0,0,0,0,0,0,0,0,0,0
"4",634.403775877992,345.552697567109,0,0,769.035338761698,0,0,56944.9892230211,1172.14464093774,14730.4313602688,967.469678761892,3213.01512596427,29876.7681385088,110.003658979829,6685.05601757976,5200.35278337774,4517.46301622889,2838.33337239794,1980.41250376904,0,0,657.927092051634,0,4356.53699641908,4898.29727463943,0,442.465454234668,0,0,0,0,0,0,544.492678037903,0,0,0,0,143.93526806783,0,0,0,0,0,0,0,0,913.864491172116,951.96496298534,11314.3700806322,0,10723.2109568881,1079.00015601602,27391.6855039277,419.601009289297,5218.75179054406,96.6218115839547,0,411.32232609959,616.012369060206,0,0,0,1464.7728542983,1718.2417932821,0,6986.68441483087,884.916215901937,20.7796014774528,0,363.030184494762,0,0,10727.3865786899,2864.05761596226,0,0,768.862173983992,0,0,0,0,0,1574.48419607221,0,672.277616274945,0
"5",0,181.898310883502,0,641.479885560999,0,0,0,852.631560458488,4189.36155596058,0,2059.67373280193,0,0,3120.27146636078,0,0,0,0,2548.39404730876,0,0,0,63.1393057228775,0,0,0,0,0,0,8.86139847126412,0,746.257742557621,0,0,0,0,0,0,0,0,0,0,0,0,0,0,157.252704881139,0,134.214925191061,0,0,1026.91297443923,0,4622.77640531957,0,0,2159.22655356528,0,0,0,0,0,0,0,0,0,0,60.5532096504115,0,337.142630725581,0,0,0,0,0,0,178.548757168036,0,0,0,0,466.60435542664,0,0,206.726384425968,108.990849162314,0
"6",0,0,0,0,0,0,0,0,0,0,330.030438532302,799.753016280319,1162.39474673672,278.434904863785,0,0,0,0,0,0,0,0,0,0,460.311330040462,1257.7796068298,0,0,0,0,0,0,0,0,0,0,0,0,0,0,0,0,0,0,0,0,0,0,0,0,0,2118.81424001151,0,127.876374255434,596.255591630362,0,0,0,0,0,0,0,0,0,0,0,0,0,0,0,0,0,0,0,0,0,0,0,0,0,0,0,0,0,0,775.349750819353,0
"7",0,0,409.562354661176,0,0,0,0,0,28.6683986891564,291.634517928972,164.14792842756,0,0,177.8521902552,0,0,277.737681915334,0,0,0,175.133037909229,0,0,2843.92611319768,0,0,0,0,0,0,0,0,0,0,0,0,0,0,0,0,0,0,0,0,0,0,778.403504116641,0,0,0,0,0,0,0,0,93.4369760032162,0,0,527.935274104416,0,0,0,0,0,0,0,0,0,621.035909861051,0,0,0,904.218580977299,0,0,0,0,0,0,0,0,0,0,0,0,0,0
"8",0,430.762031466563,3548.90243326521,9458.12221235901,2768.89697283172,664.552095177876,0,0,3227.22952697394,12990.6721448411,16904.9009208648,11941.6115224302,203.09652583251,1802.68785434207,1358.24598005674,0,9124.10271242746,439.931624993764,7775.47936821773,0,0,0,611.572508547645,4042.75747179551,471.120609725162,0,6.55419412092033,0,767.664627415361,2647.39698398535,0,0,0,486.969417892372,515.306283321642,0,0,0,31.2092354033022,0,0,0,0,0,16.8347698294914,0,0,0,26363.1443701743,0,0,2972.99025487424,6505.06185849222,2737.33260391278,2261.69298002476,2276.51977956121,0,748.215533316766,0,259.315866146563,788.788519289774,0,0,0,0,0,15743.4453453669,8621.39916486348,0,327.268912826315,3654.07094767948,94.0720058855101,17237.6295406845,1571.01730089013,708.47433825312,0,0,0,2639.05408499326,1898.8648806328,0,380.197795741203,1569.84603401789,0,1167.99592587782,1635.60301985635,0
"9",0,9557.60337694263,0,5606.4031819605,6291.57111483848,0,754.54365709797,22857.5746730245,0,3677.85599062047,34.6329481040563,8525.36339024294,1832.19734143118,2376.44847139365,6.68387308506271,0,522.662491868457,0,2305.44410655139,583.007370524835,0,555.868098306848,3173.11456387178,2847.70675223931,1306.56131470652,0,1233.2165844704,0,0,0,0,0,0,0,1967.39552046813,0,0,0,0,0,0,905.160736698043,0,0,0,0,175.359714169828,0,11651.4842908581,11590.8414555781,3679.43618528811,2803.3881016586,4014.25198009316,0,2194.37775825802,1271.33184578873,207.344494334213,0,0,0,0,0,74.9411625067991,1434.96713353429,2232.15374705538,0,0,2579.98305717722,0,203.785935888693,1748.49110519388,0,12376.8357564975,0,0,0,0,0,365.931626884878,0,0,0,2313.40549116824,0,350.773599619399,0,0
"10",7311.87467084364,1287.83604318819,0,13733.0815351312,1496.62742358252,0,0,0,16099.7781679184,0,928.996445569646,1120.823159403,8083.72543563804,1392.72004267956,0,0,599.986471547679,0,0,0,0,0,2545.37000701575,2618.13761164538,0,0,0,0,0,203.068136796341,0,1855.05746897084,489.777338590694,0,274.12352829037,17.9176815102339,0,116.520109042489,0,0,0,0,0,0,0,0,276.817330707351,0,2507.19706250919,887.83411338559,124.252979845043,740.683061093185,7759.50214755207,11497.3524255483,5788.86574654249,0,0,0,140.347209739929,0,62.4489566129012,0,0,375.179696183355,516.461710582494,0,13401.8324181823,11100.0684144214,531.10584774272,0,0,0,1746.90523699263,0,0,0,546.035837776065,0,267.752583174258,2153.57492433105,889.260575579438,869.775487218909,7229.02658464171,809.427083106637,0,3508.97128916693,0
"11",618.685275104602,1709.33433868836,1328.61761984103,906.697220972514,0,0,789.289967882399,7316.25700069051,0,120.07364274108,0,13900.9315933375,0,1660.74856165446,0,0,973.111855898388,0,6892.33307546098,0,0,345.613741611947,122.921237420772,4954.02911103613,947.118736704811,0,0,2902.83803387387,0,2033.10908302371,638.600774459946,0,0,919.397291252952,596.346963200075,113.587264372262,0,0,0,0,0,0,0,38.2691091019706,0,0,0,1324.75769801722,0,16806.5849068919,287.035649520142,14603.0754419289,14385.9119274863,241.80697442424,8518.64798061448,2671.11687380042,0,0,0,0,0,0,0,0,1116.1373452152,714.525727782464,2009.66342438805,6168.1004387003,0,0,1289.64040032963,7.32635275633791,7595.74178367205,107.251275134077,435.579933637816,0,0,0,0,0,0,950.734750593124,1437.89946966777,0,293.777024530711,5066.77312257829,0
"12",0,0,0,6061.97433615431,237.763595674263,0,0,8448.74886680038,0,2689.5600055737,0,0,2445.82778646002,370.499274707474,0,0,0,0,0,0,0,0,10760.2492914995,4812.37616439595,585.052232413408,0,0,0,0,0,0,0,0,0,0,0,0,0,0,0,0,0,0,0,0,0,0,0,4732.26652818429,2691.07707734346,0,3828.81782964359,5756.01464998727,13346.4985658329,11713.1519245789,2237.86531185091,0,0,0,0,0,0,0,0,0,0,12476.6817066306,0,0,0,0,0,1441.20937237023,0,0,0,0,0,0,0,0,0,1809.01960087329,0,767.958602311783,0,123.387276713671
"13",0,0,111.303066023467,3447.98890079977,0,0,2589.98774591285,3116.7068609842,3135.48488551481,0,7481.2235739133,5714.03124388095,0,0,1294.90678947164,0,0,0,0,0,0,0,0,5217.07348882138,0,372.456095184964,0,920.66193285461,0,0,0,0,0,0,0,0,0,0,0,0,0,0,0,0,0,0,0,0,9703.54512548853,0,0,3285.22458568814,522.40794786755,20538.679782968,0,0,342.588773970942,1269.81004667003,0,0,0,0,0,0,0,0,5735.00749992503,9629.31174274151,1951.57348987032,0,0,17.8591339030876,2837.54351677164,685.345196497227,1295.97358166581,0,0,0,0,0,0,0,0,0,0,0,0
"14",520.502877946377,1577.71049644178,0,3679.2178618971,0,0,0,0,0,0,616.959812564991,0,0,0,0,0,0,0,0,1324.98617691371,783.284038855435,711.833322473831,1103.50712802232,0,0,0,0,966.100802846074,749.267316959061,0,0,0,0,0,0,0,0,0,0,0,0,0,0,0,0,0,0,0,2266.97785600877,0,1828.97888904599,0,0,0,0,378.980410254529,0,0,5.75865325492023,0,0,0,0,0,0,0,0,3345.33959871143,1133.52382339385,0,706.222624320188,0,2086.96946961536,0,0,0,0,0,0,464.212830426439,0,0,0,113.558978107741,4720.26732928014,0,0
"15",624.116816469184,0,1880.74540652053,12126.5733292835,0,0,0,1419.59630941966,0,0,80.0871563529746,0,333.945155836508,0,0,255.738307398836,0,6232.4802850864,5045.03368836024,0,0,0,1392.86642580873,2802.04833459384,0,43.9678602369502,0,0,0,0,0,0,0,0,0,0,0,0,0,0,0,0,0,0,0,0,77.6868122861648,0,0,0,0,0,3860.11749028861,6644.15848784847,0,0,0,1794.25621893991,0,0,0,0,0,38.4701002190278,2553.32396179723,0,2061.27241780374,400.427567859802,0,0,0,0,5835.30208152902,1929.72821807804,609.359404041742,0,0,0,0,0,0,0,87.0180088060549,0,0,0,0
"16",216.683945488925,1627.8407618907,0,0,1189.46765661309,0,0,311.751310380496,0,0,0,0,0,376.616948430331,560.617553847924,0,0,0,0,545.532376445835,0,0,0,2920.05761989009,0,0,0,0,0,0,0,0,0,0,0,0,980.665470234516,0,0,0,0,0,0,0,0,0,0,0,0,802.943069298072,0,0,0,0,0,0,0,0,0,0,0,0,0,0,0,0,0,0,0,0,0,0,0,0,0,0,0,0,0,0,0,0,0,0,0,0,0
"17",399.759023263107,0,0,171.135066157545,0,895.295496118145,0,1586.79007358373,2766.78864855891,1574.73142354153,10323.9699505986,0,0,437.026173558388,0,0,0,0,10427.1467517766,0,0,0,4469.65387382088,2094.74557042144,0,0,0,0,0,0,0,0,0,1104.33947867307,0,0,0,73.3581342637995,0,0,0,0,0,0,0,0,0,0,0,2331.24933683976,493.136731008816,4215.7409638464,0,1521.61119393629,0,0,0,0,570.883259171035,0,0,0,0,0,0,765.889783421613,0,0,0,114.305484804438,0,0,0,1792.50768535207,0,0,0,0,72.5457508783565,0,0,0,1049.9186937156,0,0,0,0
"18",974.112132708477,0,0,0,0,0,0,3416.2592294692,8223.3737645135,0,0,0,1580.93921767147,0,0,0,1815.08596102261,0,0,694.959801031914,0,574.1862080065,0,0,4033.04829921328,0,0,0,0,0,0,0,0,1009.71632711439,0,0,0,0,0,80.2067543329818,0,0,0,0,0,0,0,0,2419.46927190609,0,0,1345.95648226309,0,1523.7633889521,0,0,0,0,37.9229959963559,0,0,0,0,2574.72221445126,42.1360625947376,0,0,3859.73618798424,2538.63553477853,0,0,0,4510.75689345937,0,0,0,0,0,0,0,0,0,0,0,0,0,0
"19",0,1419.86656338547,0,8937.58740934327,2689.32720135377,0,0,311.709642378299,1847.38154237437,1268.34756964594,2627.32835856015,0,0,0,0,0,0,0,0,0,0,0,0,93.2612209581721,4786.63661640107,29.1061675627777,0,0,0,0,0,0,154.082190986052,0,0,0,0,0,0,0,195.25030048436,0,0,0,0,0,0,0,11310.3304842642,11993.2029387831,0,10662.8638576545,8856.92931924119,0,0,0,0,0,0,0,0,0,0,0,0,0,5900.84843420697,2634.84978129383,0,0,0,0,0,0,90.4851975993663,0,0,0,0,0,0,84.6052035226577,0,0,0,0,0
"20",0,0,0,0,0,0,0,0,0,0,0,1473.65568229114,55.0801168951237,0,0,297.931010866045,613.82309341324,0,0,0,0,0,0,0,0,0,0,0,0,0,0,0,0,0,0,0,0,0,708.510490950076,0,0,0,0,0,0,0,0,0,0,0,0,0,0,46.7875628209795,0,0,0,0,0,0,0,0,0,0,0,0,0,0,0,146.705904979898,0,0,0,0,0,0,0,0,0,0,0,0,1331.50613778349,0,0,0,0
"21",0,0,0,0,0,0,0,743.465949768137,0,0,7.13671113670028,0,0,0,0,0,0,0,581.222956330441,0,0,0,0,0,0,0,0,0,0,0,0,0,0,0,0,0,0,0,0,0,0,0,0,0,0,0,376.043282270946,0,0,0,0,0,0,72.7205963774863,0,0,0,0,0,0,0,0,0,0,457.494092428882,0,0,0,0,386.845812114896,0,0,1045.07059957251,0,0,0,0,0,0,0,0,0,0,0,0,0,0
"22",0,0,0,632.259325053467,0,0,0,187.921062495365,36.289583941914,0,225.64175733963,0,0,0,0,0,0,0,0,0,0,0,0,999.166765520565,0,0,51.6784941545256,987.184401137817,0,0,0,0,0,0,0,533.190040498003,0,0,282.102796300389,0,0,0,0,0,0,0,0,0,0,0,0,0,0,0,0,0,0,0,0,0,0,0,0,0,0,0,0,627.190846800457,0,0,0,0,85.8157578204035,0,0,0,0,0,2672.55769183677,0,1150.22001350206,0,125.781463598596,0,0,0,0
"23",0,0,0,2784.9136092316,0,175.647401150436,0,0,1135.01532926083,5975.47896494606,11204.2565914624,0,0,0,510.709466515607,0,0,0,0,0,0,337.831267730436,0,4301.76064124644,1675.90196241167,1122.15499747712,455.348843255456,0,0,0,0,0,0,0,0,0,0,0,0,35.0075617315224,0,0,0,0,0,0,0,1376.09737467274,0,0,0,0,607.15508829854,457.289083507827,0,0,0,0,47.1735903110658,2.2291853339625,0,241.778220513304,0,1473.03952590633,0,771.091150112938,4630.52384872739,2705.8113138225,746.803018195039,0,1227.93668845877,0,1099.2455883767,0,1219.81992284351,0,0,0,4864.76155241228,0,0,0,0,222.450022751835,0,0,0
"24",0,0,0,1751.34656037108,101.026877047296,0,0,2943.72423054944,1564.73452309216,5611.79799770966,2229.31082147752,20472.2554000367,1672.63054120845,4087.82537604222,3875.49023481941,0,6406.46746493024,3453.61926108184,4988.03375016597,0,0,157.686758590862,8048.72294961598,0,0,0,0,0,0,0,0,0,0,0,99.4653506268961,0,0,0,0,0,51.2198606671617,0,0,0,0,0,0,0,1952.60581137609,316.983690330472,2726.48072818637,3267.75927951267,2237.67781229965,2998.79301388428,1844.52891382841,0,238.482920252878,539.390767395615,0,0,596.907814875458,0,0,196.036183517204,1437.1177587635,182.640363424337,4982.06298787566,4339.21577925304,0,227.611094118671,1001.51816194763,0,415.86044209205,1702.38034893107,0,0,145.159818061929,0,308.398163803558,1467.48337133612,1336.14781032369,0,4460.60708106,860.577513130186,2202.83310857181,973.721303814655,0
"25",0,0,0,0,1094.41969721487,0,0,0,0,2981.81735681385,5377.30280811971,2549.1259749507,0,350.298952606685,308.999844374974,0,2751.85241876421,2613.77198667953,706.409249673724,944.366327455063,91.4282931328913,0,0,1208.3541213159,0,0,0,0,0,0,0,0,0,0,0,0,0,0,0,0,0,0,0,0,0,0,513.323440990196,0,0,7021.13876392716,0,721.154376445762,0,140.403065550842,0,0,0,258.503791095345,0,0,0,0,0,430.720930679731,0,0,2691.29191076212,0,0,0,767.641067641028,0,0,0,0,0,1668.68132713803,0,0,419.098854385252,0,428.47835715618,2901.35944939081,0,576.569719310178,0,0
"26",0,0,0,0,0,0,0,1076.08309604326,0,0,2029.10743502434,0,848.301889406695,0,0,0,0,0,0,0,0,0,0,56.4964592965976,30.3998081091652,0,0,0,0,0,0,0,0,0,0,0,0,0,0,0,0,0,0,0,0,0,0,0,0,0,623.146966545437,0,0,0,0,0,0,0,0,0,0,0,0,0,0,0,306.767580775243,0,0,0,0,0,0,0,0,0,0,540.083585189276,0,0,0,0,0,0,0,0,0
"27",142.910934959748,0,0,0,0,0,0,546.890470707824,0,0,246.508766952146,0,0,0,0,0,0,0,0,100.235571310573,281.210933057769,0,0,0,0,0,0,0,0,0,0,0,98.5677751701444,0,0,0,0,0,0,0,0,0,0,0,0,0,0,0,0,0,0,0,1028.17709178826,0,0,342.34344323285,0,174.040012947949,0,0,0,0,0,97.8690771768535,0,0,0,0,0,0,0,0,397.012204959228,0,0,0,0,0,0,0,0,0,0,0,0,0,667.742205045988
"28",0,242.231008024183,0,1205.38196976349,41.1665717435324,0,0,654.833320363546,519.745704748147,0,0,0,0,0,563.929697878119,0,0,0,0,0,0,0,0,1399.72945403435,0,1375.23819209753,0,0,0,0,0,0,0,400.751853870174,0,239.47833491405,0,0,0,0,0,0,0,0,0,0,0,0,0,0,802.94361589859,0,0,4451.58248214386,509.851430721608,0,0,0,0,0,0,0,0,78.5729021706204,0,0,0,0,103.482213634443,0,0,0,1489.87377252926,0,484.336309327919,0,0,0,0,0,0,0,0,246.871166136608,0,0,0
"29",0,0,0,0,0,0,0,676.976613732949,0,0,0,0,0,0,0,0,0,0,0,0,0,0,0,178.765005037455,0,0,0,0,0,0,0,0,134.026510280458,0,0,0,0,0,0,0,0,0,0,0,0,0,0,0,0,0,0,0,0,284.140643519518,0,0,0,0,0,62.4557233976825,0,0,0,72.8339907581437,0,0,0,0,0,0,346.279738426476,0,0,0,994.045429437543,0,0,0,0,0,0,0,0,0,0,928.577044406901,0
"30",0,0,604.390758108872,0,0,0,0,0,0,0,1352.73543832161,30.8898619177775,0,0,0,0,0,0,0,0,0,0,0,541.382794430965,1101.66680020105,0,0,0,0,0,0,0,0,392.931089270955,0,0,0,0,0,0,0,0,0,0,0,0,0,0,0,0,10.0536131183947,1089.40738106001,792.884679510776,0,0,0,0,0,0,0,0,0,0,0,0,0,983.59098840033,0,0,0,219.936035609942,0,0,0,1099.53541655554,0,0,0,0,0,0,0,0,0,0,0,0
"31",0,0,0,123.041346666198,0,0,0,0,0,126.172544219473,0,0,1305.32477517932,0,0,0,0,0,0,0,255.134583588283,0,0,0,0,0,0,855.933623261781,0,0,0,0,0,0,0,0,0,0,0,0,0,0,0,8.82802110088926,0,0,0,0,0,0,0,0,0,0,0,0,0,0,0,0,0,0,0,0,0,0,0,0,0,0,0,0,0,0,0,0,256.044691570252,0,0,0,0,0,0,0,0,18.0148896040524,0
"32",0,0,0,0,0,0,0,0,444.22551488598,0,0,5.46114033894548,1501.03342592849,0,2368.21723814912,0,0,0,0,0,0,0,0,0,0,0,0,0,0,0,675.8952512155,0,0,0,0,0,0,0,0,0,0,0,0,0,0,0,0,0,0,0,0,0,179.157625077991,0,0,0,0,0,0,0,0,0,0,0,0,0,0,0,1918.53107906588,0,0,0,0,0,0,0,0,0,47.4726343769679,0,0,0,519.822090961135,0,0,0,0
"33",0,827.06753893763,0,221.902440396784,0,399.552249004805,0,0,0,0,0,0,0,0,0,0,0,0,0,0,0,0,0,0,0,0,0,0,0,0,0,191.736869144307,0,0,0,0,0,0,0,0,0,0,0,0,73.4942827674008,0,0,0,6.26802126963128,0,0,0,0,0,0,0,0,0,0,0,0,0,0,0,0,0,0,0,377.234969785512,0,0,0,0,0,0,0,0,43.4143183539255,0,0,0,0,0,0,0,0,0
"34",0,206.488158271586,0,0,0,0,0,592.137862124422,0,0,0,0,0,0,92.2896502737227,0,0,0,0,0,0,22.7320384258702,0,0,748.902886850526,0,0,518.383057275579,0,0,0,156.478410383355,0,0,162.247138751203,0,0,0,0,0,0,0,0,0,0,0,0,0,0,0,0,0,0,0,1543.69522604593,0,0,0,0,0,0,0,0,0,0,0,0,0,0,0,0,0,0,0,0,0,0,0,0,265.290098992979,0,0,0,2926.11430126742,0,0,0
"35",0,0,0,0,0,0,0,1711.46691424569,0,0,0,0,0,0,0,0,685.460601364102,0,0,0,0,0,0,0,0,0,0,0,0,61.2951701866454,234.392948163637,0,0,0,0,0,0,0,0,0,0,0,0,0,0,0,0,0,0,0,0,664.273497813687,0,2506.74685572374,0,179.894558040011,97.1005149560079,0,0,0,0,0,0,0,0,0,1278.47200659233,0,0,0,0,0,0,0,0,0,0,0,0,0,0,0,0,0,0,0,0
"36",0,552.671277522458,0,0,0,0,0,0,0,0,0,0,0,0,0,0,0,0,0,0,0,0,0,0,0,0,0,0,0,231.492193276873,0,0,0,0,0,0,0,0,512.189088930961,0,0,0,0,0,0,0,0,0,0,0,0,0,0,406.440435868965,0,0,0,0,0,0,0,0,0,0,0,0,0,0,0,0,0,0,75.7415842574308,0,0,0,0,0,0,0,0,0,0,0,0,0,0
"37",0,0,0,0,121.740880898875,0,0,0,0,0,0,0,518.293746279203,0,0,0,0,0,0,0,0,0,0,0,0,0,0,177.396862249075,0,0,0,0,0,0,0,0,0,0,0,0,0,0,0,0,0,0,0,869.412749418863,0,0,0,0,0,0,249.299356278357,24.9791140112191,0,0,0,0,0,0,0,0,0,0,0,0,0,0,0,0,0,0,0,0,0,0,0,131.552668248474,0,0,0,0,506.093131252867,0,0
"38",0,0,0,810.696719910868,0,0,0,0,0,0,0,0,0,0,0,0,0,0,0,0,0,0,0,502.903265671042,0,0,0,0,0,0,0,0,0,0,0,0,0,0,0,0,0,0,0,0,0,0,0,0,0,0,0,0,0,0,0,0,0,0,0,0,0,0,0,0,0,0,0,0,0,351.400014418081,0,0,0,0,0,0,0,0,0,0,0,0,0,0,0,0,0
"39",0,0,0,0,0,0,0,789.451938811216,578.84554172878,0,0,0,0,0,0,0,0,0,0,0,108.527886344973,0,0,0,0,0,0,0,0,0,0,0,0,0,0,0,0,0,0,0,0,0,0,0,0,0,0,0,0,0,0,0,0,2.25260905850132,0,0,0,0,0,0,0,0,250.410764661464,0,0,0,0,0,0,0,90.4540327657113,0,0,0,0,0,0,0,0,0,0,0,103.784311341949,0,0,0,0
"40",0,0,0,0,0,0,0,0,0,0,0,0,0,0,700.534184541038,0,0,0,0,0,0,0,0,0,0,0,679.242831567661,0,0,0,0,0,0,0,0,0,0,0,0,0,0,0,0,0,0,0,2.31593732938666,0,0,0,0,0,0,0,0,0,0,0,0,0,0,0,0,279.167766217733,40.8198628591695,0,0,0,0,0,0,0,0,0,0,0,0,0,100.181417485009,0,0,0,0,0,0,0,0
"41",0,0,0,281.262083716999,0,0,0,0,0,0,0,0,0,0,0,0,0,0,0,0,0,0,0,0,0,0,0,0,0,0,0,0,0,0,0,0,0,0,0,0,0,0,0,0,0,0,0,0,0,0,0,0,0,3.55641628300094,0,0,0,0,0,0,0,0,0,0,0,0,0,0,0,0,0,0,0,0,0,0,0,0,0,0,0,0,0,0,0,0,0
"42",0,0,0,0,0,0,0,0,0,542.905709808171,0,0,0,0,0,0,0,0,0,0,0,0,0,0,0,0,0,0,0,0,169.647029879128,180.336662652281,0,0,139.255629107676,0,0,0,0,0,0,0,0,0,0,0,0,0,0,0,0,0,442.106594321083,69.0487438718832,0,0,0,0,0,0,0,0,0,0,0,0,0,0,0,0,0,0,341.735518214638,0,0,0,0,0,0,0,0,0,0,40.4691121451451,0,0,0
"43",86.3617165481933,0,0,0,0,0,0,0,488.659300645031,0,0,0,0,0,0,0,0,107.527610652445,0,0,0,26.4513721543305,0,0,0,0,0,0,0,0,0,0,0,0,0,0,0,0,0,0,0,0,0,0,0,0,0,0,0,0,0,0,0,0,0,0,0,0,0,0,0,0,0,0,0,0,0,0,0,0,0,0,0,0,0,0,0,0,0,0,0,0,0,0,0,0,0
"44",0,0,0,484.915363344172,0,0,0,0,0,0,0,0,0,0,0,0,0,0,0,0,0,0,0,0,0,0,0,0,0,0,0,0,0,0,0,0,0,0,0,0,0,0,0,0,0,0,0,0,0,0,0,0,0,0,0,0,0,0,0,0,0,0,0,0,0,0,0,0,0,0,0,0,43.5766366558272,0,0,0,0,0,0,0,0,0,0,0,0,0,0
"45",0,0,0,74.905,0,0,0,0,0,0,0,0,0,0,0,0,0,0,0,0,0,0,0,0,0,0,0,0,0,0,0,0,0,0,0,0,0,0,0,0,0,0,0,0,0,0,0,0,0,0,0,0,0,0,0,0,0,0,0,0,0,0,0,0,0,0,0,0,0,0,0,0,0,0,0,0,0,0,0,0,0,0,0,0,0,0,0
"46",0,0,0,0,0,0,0,0,0,1.465,0,0,0,0,0,0,0,0,0,0,0,0,0,0,0,0,0,0,0,0,0,0,0,0,0,0,0,0,0,0,0,0,0,0,0,0,0,0,0,0,0,0,0,0,0,0,0,0,0,0,0,0,0,0,0,0,0,0,0,0,0,0,0,0,0,0,0,0,0,0,0,0,0,0,0,0,0
"47",0,0,0,0,365.628048647974,0,0,1062.91692431312,0,0,449.48584238811,230.573286880245,0,0,0,0,0,0,0,0,0,0,408.298203042661,692.59291764868,0,0,0,80.3418299356338,0,0,0,0,0,122.435545610026,0,0,0,0,0,0,0,0,0,0,0,0,0,0,0,321.370012014732,0,0,0,0,0,0,0,0,533.316285596019,40.4440304090653,0,0,0,0,0,0,0,0,52.9531932020039,0,0,0,0,0,620.579211396538,0,0,0,0,0,0,0,0,0,0,0,0
"48",0,0,0,0,0,0,0,3.87440388203083,30.4857688379866,939.11983028133,2586.23303309267,0,0,0,810.236836271606,0,0,429.871392510468,643.818936676156,0,0,0,0,0,0,0,0,0,0,0,133.687932230788,0,0,0,0,0,0,0,0,0,0,0,0,0,0,0,0,0,0,486.714929095607,0,0,367.331237368925,0,206.647560831836,0,159.32791145685,0,0,0,0,0,0,0,968.23252604835,0,0,0,286.744519163178,0,0,0,0,0,134.673182252212,0,0,0,0,0,0,0,0,0,0,0,0
"49",0,295.704363977746,0,14341.0636809119,749.827433991191,854.731920016796,0,27326.8781737986,0,0,261.575195557664,0,0,0,0,0,0,0,0,0,0,0,0,658.36256178875,7807.11235486439,0,0,0,0,0,0,0,0,308.721913500945,0,0,0,467.304151410741,0,0,0,0,0,0,0,0,0,0,0,5844.3568724827,0,0,1446.62306012715,22559.2935027244,0,0,0,0,0,0,0,0,0,998.747282033664,0,0,0,0,322.480679144148,0,2252.05557199201,0,1076.45414300032,0,0,0,0,0,0,0,0,793.284427140037,0,589.813518841602,0,1373.72945669539,0
"50",404.691303926121,0,0,16259.9578289608,0,0,0,1156.70571723472,3023.46545278297,569.267664765664,0,1475.13501678692,471.672377356624,0,5828.52406169616,0,0,0,0,0,0,0,0,13665.0396879249,0,0,0,0,0,199.495503707784,0,2086.3865304452,0,0,0,0,0,0,0,0,0,0,0,0,0,0,0,0,0,0,4883.88779974908,0,4171.17982974261,0,0,408.516763983885,0,0,0,0,0,0,0,0,0,0,8635.10347646076,1828.87159914415,0,0,0,0,15867.810136731,0,211.759768463114,0,1885.54395264212,0,0,0,0,0,108.036576248164,0,0,571.868751117429,0
"51",0,234.293539221968,0,0,0,806.200478515585,0,0,6108.50200423395,6432.13821829104,0,4174.44505503424,0,0,0,1006.01682234819,2240.38339914559,0,0,0,0,0,0,0,0,0,0,0,0,0,0,0,0,0,45.3398413571823,0,0,0,0,0,0,0,0,0,0,0,0,0,0,1525.46304854547,0,2158.04255489983,503.644220505863,3167.82093890899,0,2204.64141956843,0,0,0,0,0,0,0,0,0,0,0,0,0,0,0,0,0,0,0,0,0,0,247.093575321463,97.6225656620194,0,0,4029.36422076224,0,0,2.32342728991807,0
"52",3327.60877580368,0,0,9705.64471428206,0,0,0,6171.65430214324,9836.63821834644,3684.48347632783,1090.48684716165,4466.48820678982,4976.68458440102,0,0,317.439831506916,472.113996071441,553.256826049768,7963.32428819258,0,0,0,0,8523.62940250464,2495.20660791311,0,0,0,31.140693795245,0,0,0,0,0,591.988344045389,0,0,0,0,0,0,0,0,0,0,0,0,0,0,0,0,0,9924.97569377934,12448.009361907,1527.3691364042,1628.22581724154,0,0,0,0,0,0,1004.40180729283,0,0,0,0,0,0,0,2787.3048792613,0,689.109433695062,0,0,0,0,271.149376609213,0,0,0,0,0,0,5524.52942447524,0,0
"53",0,2159.86489128536,533.570605417677,7949.05839381527,0,644.242914671461,1695.04270902857,6404.65926989124,812.531835386014,1024.16772362754,2132.34823751956,0,0,0,13801.4604179761,0,10849.0527079836,0,2865.83542818962,0,0,349.92005767554,0,2671.62362009906,0,0,0,0,0,0,0,0,0,0,66.8646584771561,0,92.8438365433353,0,0,0,0,0,0,0,0,0,0,722.06489089607,0,0,3739.32502397893,0,0,17149.308504769,0,0,0,3193.27946935038,0,0,0,0,0,0,0,0,1118.58879435918,11996.8685973257,0,0,38.5536134360212,0,6913.3609501363,0,267.526725878408,0,0,0,0,0,0,0,0,6313.97439972987,0,0,0
"54",0,1897.93721586267,0,55940.2631963062,0,0,1214.799676878,89.7606472055847,23269.6311763976,16868.426664179,17341.2595178986,4008.95731432697,42.1077926760942,2676.39246377375,8115.54849645722,181.824621073739,2162.56356191716,0,2015.95238694375,0,43.7651413914112,2790.81175208475,1740.69008110236,3416.10305152144,0,0,0,72.5357216862499,512.116746917505,0,0,2475.77930688133,1.95181801361898,0,835.205301954103,0,112.229162021168,0,0,0,0,0,0,0,0,200.565412171982,0,0,0,0,5379.38858505895,9169.13582348707,3513.72518913974,0,1843.73685793974,1082.30636986984,0,0,0,0,0,0,20.7997918847488,0,0,0,2049.06749389058,15779.3867234611,444.6467797147,1276.2333421268,0,19.0165297640877,1137.77743769723,6409.29618515562,4629.31010599459,235.484851782289,426.357161538326,0,42.9893065176835,131.8668935749,0,0,8494.36989087566,0,1979.77628634265,0,0
"55",0,0,0,0,0,0,0,1902.03716674039,2681.10820558829,4579.26173554676,0,0,683.797186678114,2204.11579115653,0,0,0,0,0,0,0,0,0,6834.26972984295,815.979919463703,0,0,0,0,0,0,0,0,0,0,0,0,0,0,106.837455564923,0,150.994425635442,0,0,0,0,0,0,0,0,3298.335292518,0,14044.301505492,0,0,0,0,0,0,0,0,0,0,0,0,0,4925.47913352016,176.77674278779,0,0,0,0,0,6570.51123141018,3008.04860391139,0,0,0,0,0,0,0,1891.4265666669,0,0,0,0
"56",0,245.182063261539,0,0,529.460832131096,0,0,3600.58050426405,4985.35283027949,2780.71557900908,1339.45809740478,0,0,0,0,0,0,0,3251.38027102244,0,0,0,0,3295.0993563686,0,0,0,0,0,410.741970314814,0,0,0,0,0,0,0,0,0,0,0,0,0,0,0,0,0,0,313.005137896083,0,2065.82579417111,0,0,0,0,0,0,0,392.987374968184,96.937458981654,0,970.524322273962,0,0,95.9653936342703,0,1608.5592725725,388.19224387985,0,447.661167939557,0,0,0,319.930615269658,0,0,0,413.924245297676,0,0,0,0,0,1681.16141736046,0,0,0
"57",0,0,0,0,0,0,0,0,0,127.179268694096,70.2678872640448,0,68.7182005913662,0,0,0,0,0,0,0,0,29.7792724495112,0,256.891311353616,0,0,0,0,0,0,0,0,0,0,0,0,0,0,0,0,0,0,0,0,0,0,0,0,0,0,0,0,0,1966.68552466497,0,0,0,649.209414531329,0,0,0,0,0,0,0,0,0,0,0,0,0,0,0,0,0,0,0,0,321.330713383685,0,0,0,0,0,0,347.950810067384,0
"58",816.374875489814,1053.2861150044,0,0,0,0,0,0,426.209850971721,440.268522946063,0,0,0,0,0,0,0,1493.69948029982,0,0,0,0,0,0,0,0,0,0,0,0,887.901998977291,0,0,0,0,0,0,32.3058017354423,0,0,0,0,0,0,0,0,0,0,0,0,0,596.929210453831,0,0,0,0,0,0,0,0,0,0,0,0,0,1152.63016245605,0,956.058273340093,0,0,0,129.80200591506,163.232617001181,0,0,0,0,0,0,0,0,0,0,0,458.806444105868,0,0
"59",0,0,165.323372054936,0,0,0,0,0,0,301.469751190409,0,0,122.513802889459,0,0,0,0,0,0,0,0,0,719.404204050702,2000.6458893874,0,0,0,0,0,0,0,0,0,0,0,0,0,0,0,0,0,0,0,0,0,0,0,0,0,0,0,0,0,0,0,0,0,0,0,0,0,0,0,0,0,0,0,0,0,0,0,0,0,0,0,0,0,183.001614010949,0,0,0,0,0,0,0,0,0
"60",0,0,0,0,0,0,0,37.4281874996548,0,587.108513273302,0,0,0,0,0,0,0,0,0,190.522104318844,0,0,0,0,0,0,0,0,0,0,0,0,0,0,0,0,0,0,0,0,0,0,89.1763524774311,0,0,0,0,0,0,0,0,0,0,0,0,0,0,0,0,0,0,277.425412822475,0,0,0,0,0,0,0,0,0,0,371.334325827798,0,28.4561107804913,0,0,0,0,0,0,0,0,0,0,0,0
"61",0,0,0,0,0,0,0,0,0,210.976092369024,0,0,0,79.2416275194148,0,0,0,0,0,0,0,0,1158.90579965145,0,0,0,0,0,0,0,0,0,0,0,0,0,0,0,0,0,0,0,0,0,0,0,0,0,0,0,0,0,0,0,0,0,0,0,0,0,0,0,0,0,78.3214023680675,0,0,0,0,0,0,21.8724405123518,0,0,0,0,0,0,0,0,0,0,0,0,107.551278291014,0,0
"62",0,0,0,0,216.871420544977,0,0,0,0,0,0,0,0,0,226.209249872608,0,0,0,0,0,0,0,0,0,0,0,136.985606261924,0,0,0,0,0,0,0,0,157.368204198352,0,0,0,0,0,0,0,0,0,0,0,0,0,0,541.743967229983,0,0,0,0,0,0,0,0,166.541551892158,0,0,0,0,0,0,0,0,0,0,0,0,0,0,0,0,0,0,0,0,0,0,0,0,0,0,0
"63",0,0,0,0,0,0,0,0,77.3165542008563,0,0,0,0,393.014185158539,0,0,0,0,0,0,0,0,0,0,105.322430267862,0,0,0,0,0,0,0,0,0,0,0,484.037765929539,0,0,0,0,0,0,0,0,0,0,0,0,239.801256386251,0,0,0,0,0,0,0,0,0,0,0,0,0,0,0,0,0,0,0,0,0,0,833.756152639761,0,0,0,0,0,0,0,86.8378118522111,233.716955490368,0,0,0,0,0
"64",1761.25233521569,0,0,788.812215520094,0,0,206.085341401154,0,0,1844.42068546166,0,0,0,0,0,0,0,0,0,0,0,0,0,0,0,0,0,0,0,0,0,0,0,0,0,0,0,0,0,0,0,0,0,0,0,0,0,0,1954.45888307691,0,584.349076233638,0,0,2174.46443412437,0,202.827106506481,0,74.7494262867281,0,0,0,0,0,0,0,0,0,0,217.576160015779,0,1367.91830296842,0,0,0,0,0,0,0,0,0,99.6665819101836,0,0,0,0,0,0
"65",0,0,885.52933225871,2256.710709362,0,345.970521275531,0,2692.98315384096,1034.03445640819,2156.84900499446,1356.44506674694,0,0,0,527.356664483375,0,0,775.068444724343,0,68.9023408389153,0,70.1122018033268,0,244.374240562877,246.770135699572,0,0,370.527506027346,0,0,0,0,0,0,0,0,0,0,0,0,0,0,0,0,0,0,0,0,0,389.850924464376,0,776.189495225923,1155.47937521923,462.325969161716,0,0,0,0,0,0,0,0,0,0,0,0,0,0,0,0,0,0,0,1366.26318864798,0,0,0,0,0,0,0,72.1613156842458,0,0,0,0,0
"66",0,0,0,0,0,0,0,1344.4651530093,0,516.96002269233,234.308151363855,0,0,0,0,0,0,0,0,0,0,0,0,0,0,0,12.0901320457031,0,0,0,0,0,0,261.230693228276,0,0,0,0,0,0,0,0,535.679213676445,0,0,0,0,460.084879115348,0,1646.87000623728,0,0,0,0,0,0,0,0,180.227636487812,504.749662621233,0,0,0,0,230.498276826634,0,0,0,0,0,0,0,0,0,0,0,0,0,0,0,0,0,0,0,199.836172695787,0,0
"67",0,0,0,7998.00552365534,0,0,0,1974.28125961528,16312.6081892015,11312.672411038,0,3077.57313473135,5606.16007335987,0,0,0,577.066619599622,7839.55015830256,0,0,0,1562.34148099653,2005.44186385789,0,0,0,0,0,0,1500.08444775517,0,0,0,0,0,0,203.431663182871,0,0,0,0,0,0,0,0,0,0,0,8185.66334341724,0,0,0,6693.67251534174,6027.26204908057,3570.21219231809,0,0,0,0,0,0,143.252536808574,0,0,0,1460.57593990464,0,12400.5075866424,0,0,971.933178344411,0,2580.6223834251,0,0,0,0,0,0,0,0,0,6738.25446111399,0,0,416.234999126441,751.835199278965
"68",0,0,0,1799.3709982376,0,0,0,3285.41503657819,8012.23781044019,5203.79650639977,29386.2036142242,0,0,0,1084.19221409191,0,1611.26458437063,5896.89234482043,0,0,0,0,1305.31970683257,1075.6764514441,0,0,0,0,0,0,0,0,0,0,0,0,0,651.718242311462,0,0,0,396.693729735506,0,0,0,0,270.278591985328,0,0,0,0,0,0,18053.7401246006,2434.85928787276,3908.74683875524,0,0,0,0,0,0,0,206.237040497984,0,0,1006.98916638852,0,0,0,0,0,4640.21351623104,0,0,0,0,0,0,0,3344.32619065702,0,5779.11464643734,7353.71800325795,0,0,0
"69",0,0,0,94.475471519826,262.387045195045,0,0,0,869.28911293273,536.749163313399,0,0,0,0,338.805964899305,0,0,0,1462.19729380175,0,0,0,0,1561.50731335636,1207.16453392391,647.75511323598,0,0,0,0,0,0,0,0,0,0,0,0,0,0,0,0,0,0,0,0,0,271.539065926105,224.714218308276,0,0,0,307.417054003081,1710.48950047771,0,0,0,0,0,0,0,0,0,114.653381808472,1309.54857350518,0,0,0,0,0,0,0,0,302.986027420081,0,0,748.45085832594,0,0,0,5.06975284230097,0,0,98.6348034310827,0,0,0
"70",0,0,0,449.508280009121,0,0,0,49.6193445047945,0,0,0,0,831.245211740289,0,0,0,389.401570873879,0,0,20.4236736444061,0,0,0,0,0,0,0,0,0,0,282.388515389088,0,0,0,0,0,0,0,0,0,0,0,0,0,0,0,2005.37975436791,0,0,73.898945052126,0,0,0,0,0,0,0,0,0,0,0,0,0,0,0,0,1302.78075592276,0,0,0,0,0,1208.33742228433,279.245283507893,0,0,0,0,0,17.041533804909,0,0,0,693.196739078503,0,0,0
"71",1052.66317190016,0,0,427.191126742919,0,0,0,2225.8156146674,0,1904.2376631161,916.25784012387,0,0,0,3630.37610469114,0,0,0,0,0,0,0,766.557752271287,1266.37959380044,0,0,0,0,0,0,0,0,0,0,0,0,0,0,0,0,0,0,0,0,0,0,97.1000418063826,1722.52608457355,0,0,0,0,0,0,0,0,0,0,0,0,0,0,0,0,500.711434963138,0,0,0,0,3303.13420447204,0,285.048783711717,1038.22479380146,0,657.11724627673,0,0,0,0,0,0,0,0,0,0,0,0
"72",0,0,0,0,0,0,0,0,0,0,0,0,0,0,0,0,445.704052198803,0,0,0,0,0,0,0,0,11.0606001803743,0,0,0,0,0,0,0,0,0,0,0,0,0,0,0,0,0,0,0,0,0,0,0,0,0,0,0,0,0,0,0,0,0,0,0,0,0,0,0,0,0,0,0,0,0,0,0,0,289.972698297612,0,0,0,46.7839402740811,0,0,0,0,0,252.06359004913,0,0
"73",2218.30762066651,1045.76496645248,0,19152.9391922741,61.7496945302796,253.256211157709,0,156.365796409093,2293.68599035781,11516.8202100804,3157.78098904545,3160.92994861511,14715.6385380295,4005.19821027205,0,1373.67334570527,0,1635.57698587873,4924.84815182879,244.487607979641,696.102221234094,0,547.280019035668,0,0,0,0,3372.15530669294,577.709939971189,876.752138476607,0,0,0,0,0,0,370.501197675198,0,0,0,0,0,0,0,0,0,60.9256528449323,0,1652.61210511289,0,0,2045.48113622546,0,12275.4620767233,0,3684.28345489021,505.181114020334,0,0,0,0,15.9325605362626,0,952.823751465984,0,0,0,0,0,0,0,381.073857801139,0,1216.67909759981,1881.03710984239,0,393.727459559122,0,1848.23349233411,0,0,0,7957.1921282384,447.085923307029,0,80.4947874997229,0
"74",168.140378861487,0,246.423886194677,7361.07489911035,0,0,0,0,0,0,3234.28544763441,0,1868.01696253889,0,0,0,0,0,1438.02772258167,0,0,0,0,77.8477579255646,3875.04690870618,0,0,0,0,0,0,0,0,1655.65746616841,0,0,0,0,0,0,0,0,0,0,0,0,0,0,1707.20533904384,3868.33350332897,288.931103764195,299.075005436998,0,0,0,0,0,0,0,0,0,0,0,0,0,0,0,5332.08744476337,0,0,0,0,1080.8796346199,0,3731.3743736604,0,891.271771555294,0,0,0,0,414.543045785327,0,0,0,0,0
"75",0,0,0,1973.28837011045,0,0,0,447.336727982757,0,1077.19564943602,0,0,667.234495841142,0,0,0,0,0,0,0,0,0,0,3985.61303370573,0,0,1153.8241298463,0,0,76.4156799770801,0,0,480.32150861638,0,0,0,0,0,0,0,0,0,0,0,0,0,0,0,0,2384.63837770878,0,0,0,7815.98362854328,0,0,0,0,312.538981038739,0,0,0,0,0,4008.0856487021,0,1105.66773398734,0,0,0,0,0,1875.03177781129,0,0,0,0,0,0,0,0,0,0,1833.10281393854,0,0,0
"76",0,147.269265362622,0,0,0,0,0,0,0,0,0,0,0,0,0,0,0,0,0,0,0,0,0,0,0,0,0,0,0,0,0,0,0,0,0,126.372280457993,0,0,0,0,0,0,0,0,0,0,0,0,0,0,0,0,0,0,83.04932321715,0,0,0,0,0,0,0,0,0,0,0,0,0,0,0,0,0,0,0,0,0,0,31.7748823722351,0,0,0,0,0,0,0,0,0
"77",0,394.721998121751,0,1004.00976200308,0,0,0,672.776526015901,0,0,0,0,0,0,0,0,0,790.572479153745,0,0,0,0,1044.779167014,0,0,0,0,0,39.4447871138237,0,0,0,0,0,0,0,0,0,0,0,0,0,0,0,0,0,159.706754905417,0,0,0,744.386692548331,0,0,0,0,0,0,0,0,0,0,0,0,0,0,0,0,0,0,0,0,122.603728923909,1655.61822645072,0,0,0,0,0,0,0,0,0,380.552379996788,0,0,0,0
"78",0,0,0,0,0,0,0,178.691106590051,144.543851346739,0,0,0,0,0,0,0,0,0,0,0,0,0,0,0,0,0,0,0,0,0,0,0,0,0,0,171.247325110333,20.8471100228389,0,0,0,0,0,0,0,0,0,0,517.909581355808,0,0,0,0,0,0,1012.66032649552,0,0,0,0,0,0,0,129.037943623092,0,0,0,0,0,0,0,0,0,0,0,0,0,0,0,0,0,0,0,0,0,0,0,0
"79",0,0,0,1180.25934184095,349.110368796745,0,0,0,0,2951.34055923954,2790.58710202757,0,0,0,978.845840738926,0,0,0,0,0,0,0,0,0,0,0,0,0,0,0,0,0,240.683363674316,0,0,0,161.715561570028,0,0,1212.00506884581,0,0,0,0,0,0,0,0,0,0,0,0,1106.9906912891,0,1251.21098351845,0,0,0,0,0,0,0,0,504.054390230564,0,0,0,0,0,0,0,0,0,0,519.848450452315,0,0,0,0,0,0,0,0,0,0,974.531869456625,0
"80",0,0,0,0,1157.01305380087,0,0,0,81.6670591930614,0,0,0,0,0,0,0,0,0,0,0,0,0,0,2336.09378545855,0,0,0,0,268.676210511387,0,0,0,0,0,0,0,0,233.600822266408,0,200.745454201356,0,0,0,0,0,0,0,0,0,0,0,0,0,820.684996857338,183.797628865959,635.921558808194,0,0,0,0,0,0,0,0,0,0,0,0,815.649573957706,0,231.079341685133,0,0,0,248.813575190696,0,0,0,0,0,0,0,476.134859203358,0,0,0,0
"81",0,0,0,1170.39527478374,0,0,0,2358.82505518361,0,0,570.656364433409,0,0,0,0,0,0,0,0,0,0,0,0,35.0542655558301,1815.6603691129,0,0,0,34.6374681981341,0,0,0,0,0,0,0,0,0,0,0,0,0,0,0,0,0,0,0,0,0,0,1032.58293297943,0,0,0,586.580274727251,0,0,0,0,0,0,0,0,0,0,0,0,0,0,0,0,0,0,0,0,0,0,481.947414607429,0,0,0,603.43074819271,0,0,0,0
"82",0,0,347.698498656136,0,0,0,0,0,0,0,0,0,0,648.892787288637,0,0,0,0,0,0,0,0,624.659939330255,242.6722737249,0,0,0,0,0,0,0,0,648.970433652275,0,0,0,0,0,0,84.0607532685335,0,0,0,0,0,0,0,0,0,0,311.005965550193,692.889504469616,0,1657.44894816438,0,0,0,0,0,0,0,0,0,0,0,0,0,0,0,0,0,0,189.748541076452,0,0,0,0,0,0,0,0,0,0,14.7056767389205,0,0,0
"83",0,251.360024423413,885.542236450619,0,1499.8485239098,0,0,7394.9393341259,8957.43046353426,1.48735406998861,756.963478162577,2822.15950452309,3316.11135085495,311.879347425199,0,0,0,6160.13673674988,3622.11685161586,0,0,0,1350.80613318097,0,0,0,0,0,0,0,0,0,0,0,0,0,0,0,0,0,0,0,0,0,0,0,0,0,289.616039243615,0,1441.48764028839,9756.23498777391,3300.9705275431,0,4589.25998543088,0,0,0,0,0,0,0,0,0,0,997.89960117336,3741.39619732531,0,0,0,0,0,0,0,0,0,0,0,0,0,0,0,0,0,0,0,0
"84",3604.21467727343,1336.39444930354,0,1835.94687723578,0,0,0,2765.08168500705,1034.92631743242,0,142.734976659237,0,0,0,0,668.481186140196,0,0,0,0,0,0,0,0,0,0,0,0,0,0,0,0,0,0,0,0,0,0,0,0,0,0,0,0,0,0,0,0,0,160.051751821576,458.156344400735,4339.8878959393,0,1553.11116627731,0,0,0,0,0,0,0,0,0,0,0,0,2410.29587941947,0,0,0,0,0,895.638020769733,793.920061436118,2209.43992289979,0,0,0,0,0,629.320911013579,90.8092033802666,0,0,1027.08397205996,0,0
"85",72.6855017141233,0,0,488.211877760058,0,2622.48608828317,115.046139667039,0,0,0,233.774731452516,0,313.530047836077,0,0,0,0,0,1050.80428533802,0,0,0,4760.50734806489,127.27346809939,105.373652120355,0,0,0,0,0,0,0,0,0,952.220698802906,0,0,0,0,0,0,0,0,508.826739501087,0,0,0,0,0,0,0,3249.79189373616,0,0,0,0,0,0,0,0,0,0,402.981715752774,0,0,0,0,0,0,0,0,0,3909.81902231169,142.426809312774,0,62.2822864350561,0,0,0,502.580455285778,1248.88573175025,0,0,0,0,0,0
"86",0,0,0,0,0,0,0,344.450639510111,0,0,0,1621.0044157279,0,0,0,0,0,0,794.286779710598,0,0,284.266472502415,0,4612.44765003135,0,405.917249693003,0,3526.90059071551,540.579167040679,0,0,0,0,0,900.762802295686,359.879126070653,0,0,0,0,0,276.817960954565,0,0,0,0,0,0,395.294001511299,0,0,0,0,0,0,0,0,0,0,0,0,0,0,0,0,0,0,0,0,0,0,0,580.113016641235,1666.40049081831,540.58155544272,0,0,0,0,0,0,508.486802046427,0,0,0,0,0
"87",0,0,0,215.014584349148,0,0,0,0,0,0,139.051769326506,0,0,0,41.8927217091954,0,0,0,0,0,211.687799745646,0,0,0,0,0,0,0,0,0,0,0,0,0,0,0,0,0,0,0,0,0,0,0,0,0,0,0,0,0,588.674217429385,0,0,0,0,0,0,0,0,0,0,0,0,0,0,0,0,0,0,0,0,0,0,0,411.918549188939,0,0,0,0,0,0,0,0,0,0,0,0
